task_id,title,label,status,priority,estimated_hours,created_at
548a2c6ff25f4605af0df0ae3e228d6e,Integrate to Implement module access database project system for to API layout to Implement payment migration reporting tests,enhancement,in-progress,high,51,29/03/2023
c005a04346784ee8aa20835fabe9bf2d,Frontend SQL access API to recent for theme theme documentation reporting on endpoints,documentation,todo,low,77,16/11/2023
57249a9d8fbb45c68b1d75aad93a9469,Project SQL switching theme fix documentation module theme for add SQL theme fix recent fix to implement endpoints Implement system switching changes theme update,documentation,in-progress,low,74,17/06/2024
cd41276fe4e04bbc95b3a8541642e0fb,Devices gateway implement update queries migration support authentication role-based theme for,documentation,in-progress,low,43,14/06/2025
e92936f7cb3643c0873447247b7853ac,To tests reflect devices user for on to integrate recent SQL reporting integrate add migration endpoints implement mobile,bug,in-progress,high,23,01/05/2024
996db17c97ff49d396da642e342ff37f,Control support payment tests access reporting migration documentation support devices support refactor Implement role-based,documentation,canceled,low,4,26/09/2023
1bc3cf1993c4496c9755175f4cdcac17,Refactor layout SQL queries endpoints refactor to frontend frontend switching recent optimize to for module payment components fix switching gateway refactor for tests,documentation,in-progress,medium,30,09/01/2025
304ac8d52c7b4b61a2805a02821769ba,Fix fix gateway frontend mobile unit authentication tests system control add system,documentation,todo,medium,48,04/07/2024
30d2fb610a8f49fbbeb0a2bc8152da22,Tests layout unit system layout implement frontend fix to optimize optimize components components to refactor module frontend fix authentication unit role-based migration,documentation,todo,medium,92,12/08/2024
9795f3aa889345debd5393bc69ffbdbf,Switching frontend module switching system user reporting project unit changes mobile for project endpoints for queries endpoints for,feature,done,medium,44,20/03/2025
81195d23113a4025aaaceb230bd979a4,System system SQL reporting reflect optimize to gateway issues fix add reporting recent components optimize components,bug,done,high,5,15/07/2024
789a584daa55421da6581b46b95f6c76,Project support layout payment queries optimize add support switching control on database module Implement role-based project layout tests mobile changes components on gateway authentication,feature,canceled,high,20,31/01/2024
cea97c5e35544f2ab581d1ba755d34c6,Implement queries optimize documentation endpoints project to unit SQL to Implement devices unit to layout frontend changes API migration add frontend changes for support database,bug,canceled,high,100,19/01/2025
6c7940f5d054436aa212a952807246dd,Theme issues frontend fix devices add optimize API integrate role-based queries for access role-based,feature,done,medium,65,05/07/2025
9af0e806d4da48acac2f058961c19a5f,Components optimize layout documentation integrate refactor payment add documentation SQL reporting documentation user authentication layout implement mobile gateway theme,bug,canceled,medium,84,13/12/2024
06b561cde2164af79c6aec825d41c748,Frontend for fix fix database add control Implement Implement devices control to database devices for update recent layout authentication SQL refactor fix control to tests components database to API migration,feature,canceled,medium,72,24/11/2024
157b0b760ccf4fe5aff5af97ae673efb,Changes SQL user authentication tests module Implement API for queries,bug,done,low,66,18/03/2023
7a53c1f477164fcea7e725fb31b1bcd1,Migration documentation for reflect mobile module project layout to on refactor support to control frontend optimize switching devices,documentation,done,high,80,03/01/2024
4a80d6b0e315440b8c0c1355a0281b48,SQL endpoints refactor project on SQL recent devices implement Implement for access changes issues reporting user authentication queries issues payment access module,documentation,canceled,medium,36,25/07/2024
45651c5221c34c5786e61289e0af31ff,Mobile frontend components API optimize changes mobile system endpoints payment,bug,todo,low,87,15/05/2023
cd40d987b8d64f0294ee1c8a1b5fa182,Devices user payment module project payment role-based tests user fix project support documentation user,bug,done,medium,5,12/03/2025
4efa71b12d944ba78587a52b9b7b38cc,Reporting devices refactor frontend mobile add reporting reflect authentication for refactor layout documentation gateway Implement documentation endpoints theme reporting,documentation,in-progress,low,5,13/07/2023
ffa4ca767bd242f58558e68070126ffd,Components implement migration for changes frontend theme tests changes module support layout components to SQL unit to recent mobile migration switching reflect add,enhancement,canceled,low,45,23/11/2023
2fe9399156c54a848ce5529f27c6432a,Update integrate for devices tests frontend role-based Implement migration optimize frontend database database,enhancement,in-progress,low,82,18/06/2024
4b78faa6a7254dcab5434f01962df63f,Recent database mobile frontend to devices control gateway user for unit implement reporting components recent to for,feature,done,medium,21,25/10/2023
d693dcf0976a437792fb3bd368d89cf8,Database payment fix issues access frontend reporting documentation reflect optimize changes Implement issues,bug,in-progress,medium,30,01/03/2024
7fd69b8a63b9426aab229979ea3b4a41,Add role-based SQL for gateway tests to for implement implement project for unit optimize Implement to Implement queries devices control database database authentication components switching theme authentication,bug,done,low,72,15/09/2023
66a40b35b1f04b4e96f3539409055ba4,API refactor reporting issues unit devices optimize user update reporting payment recent reflect API documentation gateway update endpoints recent mobile mobile integrate database project documentation switching to module migration,bug,todo,high,19,29/09/2023
ee39543876b440b5bb82cd085a18aed6,Implement implement layout authentication for for switching module mobile to module add module add role-based for SQL endpoints,enhancement,in-progress,high,78,13/06/2023
2d18ef4b7fb9419492642bc6cbdd21da,For fix add frontend role-based Implement unit API recent switching add tests reporting issues Implement reflect queries gateway SQL optimize for for,bug,done,low,78,20/10/2024
badaf3c4858f4f85885a94ac6e1606ee,Changes optimize devices API for Implement optimize database module components support tests components tests for module database,documentation,done,low,94,03/08/2025
806944b2d06d4e40a5df504d59f17d28,API mobile module migration database access issues refactor documentation refactor gateway user endpoints fix components role-based project Implement database layout API components switching add,feature,canceled,high,4,19/12/2023
21c223a0fa18400a936e6ab165811d4b,Authentication reflect reflect documentation to control optimize fix control gateway database optimize update switching issues integrate API devices for layout unit update for,bug,todo,medium,87,09/01/2023
54481c01527b44a294e616d6296ec68b,For refactor reflect optimize database optimize module refactor recent reflect issues migration SQL integrate API control user components recent gateway refactor,enhancement,in-progress,high,44,11/06/2023
2154a8607b10454393888cec52f06b33,Mobile refactor mobile payment components SQL frontend for payment tests reporting implement database refactor,bug,in-progress,low,22,23/07/2024
9c8e7bc29b444a6e8a52c0a83dec6aac,Payment role-based support implement for for integrate tests refactor authentication switching SQL database changes reporting layout layout API tests authentication,documentation,done,medium,40,08/03/2024
f323890d148640acabd8f4035a4032d8,Endpoints recent fix support recent theme integrate gateway queries queries to documentation for devices changes access recent to endpoints user for SQL queries for,bug,done,medium,94,30/10/2023
811d69964f0d41198546d7444eb020f5,User to integrate changes mobile project module fix role-based tests mobile endpoints frontend Implement for project devices,bug,in-progress,low,99,13/05/2024
b84368e77fcd4ad9a254ecf4a964d925,Support update documentation user API devices endpoints reporting theme SQL endpoints changes queries theme implement to for role-based fix database refactor migration access mobile,bug,done,medium,54,06/07/2025
59ee24f120d24128af92c7193134fc20,Migration for system for devices frontend reflect gateway issues switching role-based update layout,documentation,todo,high,12,26/01/2025
1ead3ca88d0d4b318bce5c328ebd65d8,Tests endpoints optimize frontend changes Implement system gateway unit switching endpoints role-based update unit issues access,bug,done,medium,63,16/03/2024
d3258caa625e4d22ac0d7ebb4b5f5aa6,Devices implement changes documentation issues role-based tests optimize on theme for recent payment access Implement API system support API gateway,bug,todo,low,52,01/08/2023
4db8731299a34820ac95fc90aac8b058,Module SQL gateway documentation endpoints fix tests switching reporting to queries role-based database recent implement optimize,documentation,done,medium,88,12/07/2024
708fc54f92c7441d9daebef666918350,For system API endpoints mobile payment unit reflect migration fix to to,documentation,done,low,95,09/09/2024
828f4ef33f5f4d3f8a4c91854aeb1f79,User on migration authentication access authentication module for access queries control implement control optimize add,bug,in-progress,high,89,11/09/2023
7c89ad021d864786a079355150f02272,System to components payment switching fix refactor reporting implement gateway migration devices control recent switching queries components API unit recent control control role-based control system to,feature,in-progress,high,66,21/12/2023
f68c036dc68b4fdfaebba682b70b09df,Frontend reporting optimize for changes project switching optimize role-based unit to recent add changes endpoints migration reflect implement documentation refactor module user fix SQL database implement,documentation,done,low,30,20/02/2024
a4e6f5b8bc8f455a88debfbeaf73b20e,Migration implement documentation system mobile user devices access on implement,bug,todo,medium,11,24/03/2025
6af2150658cc4b358cbb1658f11dc990,Issues migration for implement unit issues components frontend layout frontend optimize queries endpoints reflect reporting system changes frontend Implement on,enhancement,in-progress,low,63,23/02/2023
1ef9bf99c3a64cc3afe719a0d9e50aae,SQL module queries for Implement reporting layout optimize to reporting user support devices reflect tests control changes project issues,feature,todo,medium,38,19/11/2023
7ed1cd35859f4355b160c6ebba2cdd5b,Project theme project to for update to project optimize components module devices mobile access changes migration on system system mobile module,bug,canceled,medium,92,16/04/2023
9b4e5e2ad0f34f11be80163242eb7df9,Optimize role-based database implement changes for for database frontend refactor,bug,canceled,low,6,07/10/2023
816b39fca72646daa49543369c2bd365,Refactor payment support tests tests database tests API project project issues layout on documentation,enhancement,canceled,high,67,21/07/2025
4d9c63993be444478e95750a4bb55b03,For devices theme Implement authentication gateway changes issues Implement system authentication gateway SQL add gateway payment components for project switching documentation tests endpoints to refactor gateway,enhancement,canceled,medium,100,02/06/2025
84dd4217de854a9e8c87dcfbfa85e22d,Optimize Implement module authentication optimize SQL unit update add project frontend database payment tests control API update mobile queries,documentation,done,low,47,25/10/2023
bd884102375e410ab24ceac02d238447,Tests payment documentation authentication to issues switching mobile tests reporting mobile to,documentation,in-progress,low,39,12/02/2025
f206c8ee301a4ba9866e186bb068d7ed,Support mobile migration API layout for fix on gateway authentication devices implement devices for changes mobile update reporting user switching changes theme support for,enhancement,done,medium,6,11/05/2023
a43bbfa93c8d42d283f5ee8b7f1b878e,Mobile migration migration mobile support payment devices frontend SQL unit changes SQL on unit reflect support control changes to to layout support to tests gateway changes to access to theme,bug,todo,high,29,19/03/2023
b1da106514ed4bb0acb32b7c3eb4df5e,For module database update endpoints access system reporting access endpoints reflect reflect issues unit to recent for,enhancement,canceled,medium,3,12/11/2024
cdc9dcc7a58f4c8ca000c9fd4263f772,To access database payment switching changes mobile implement unit reflect support documentation support project layout project API database implement,enhancement,done,low,66,12/11/2024
1cf6615d02fc46289ffe34d290b41110,Implement migration Implement issues queries documentation frontend unit project tests recent update fix,enhancement,in-progress,medium,68,21/07/2024
70a86c67c90b45a7bcaefe7924ae3a76,Authentication support devices add components components for API unit access switching support role-based for changes authentication control mobile fix migration fix reporting documentation access on for,documentation,todo,low,25,03/02/2023
bff4c697b6be4531a8ede3f61bfbe55c,Reporting on migration for for tests payment gateway reporting support switching API system endpoints to queries unit support authentication payment database authentication project access access switching tests theme documentation,feature,in-progress,medium,20,30/08/2024
8da2823bc9714bd3bc7769447801b408,Access devices frontend database optimize components access theme user reporting to role-based migration reflect reporting add integrate layout module migration frontend for frontend changes add API on,enhancement,in-progress,low,44,21/07/2025
d0f6bb0b98fb4a65acde47398ea425a9,API endpoints reporting changes queries theme endpoints gateway frontend on API reporting components frontend user for mobile queries payment mobile authentication project authentication implement optimize on implement add,feature,done,high,43,14/08/2023
b2f5b9304ab54dc7a36efd94e5fd0398,Theme frontend fix switching system for reflect unit fix user module Implement queries theme for migration Implement devices,documentation,todo,low,30,02/08/2025
f3fcac46d1c24ecfaaf348eb96d66eec,User recent tests devices tests for recent for SQL switching optimize access queries database user,bug,in-progress,high,7,11/09/2024
67fbb199c02445f3b50acfe5172763d8,Endpoints add fix support control API frontend frontend devices database to,documentation,canceled,high,89,19/04/2023
54df24cfc84041569ecf91d1cc77a8e5,Mobile tests API layout implement reflect optimize switching switching changes unit optimize access endpoints database SQL devices API layout devices database for for user module mobile,feature,done,low,89,19/04/2023
6a7690fb14224e06bcf36737d0365b5f,Queries to frontend changes Implement endpoints documentation role-based Implement system fix to on gateway devices support for role-based migration components update control support for access queries to payment,bug,in-progress,low,9,14/02/2025
ede498ac142248808224a5648a456027,Reporting database module gateway optimize issues switching layout components documentation authentication tests authentication for support frontend,enhancement,in-progress,high,3,08/08/2025
0e7da2330d63432da75477be3271568c,Fix access reporting module user switching frontend endpoints tests changes gateway database optimize to payment,enhancement,in-progress,high,9,30/03/2024
e59ea882442547ce8469d73f9fa00c8b,Components changes integrate optimize recent support for to unit refactor refactor fix,bug,canceled,high,92,19/03/2025
fde7fd30744f4a2da5a2a2685df48305,Add add for update module unit changes on for update add update for system Implement role-based fix devices changes refactor access for,feature,canceled,low,96,07/02/2024
190b4b37dab94feea9790b782787b735,Role-based unit module documentation on layout for reporting queries Implement user theme authentication reflect reporting devices implement payment reflect for SQL mobile SQL add queries refactor implement,enhancement,canceled,low,34,27/05/2024
776343f6bfb84033938053e0707ec2cf,Update layout project queries for reflect layout update layout support endpoints API layout support devices switching queries devices authentication reporting tests queries on layout API support layout tests,enhancement,done,medium,13,04/05/2025
32ebaa3477f747d9bdbd7d212f2b5f2b,For role-based queries payment for queries migration issues to tests fix,documentation,canceled,medium,47,26/01/2023
b143b4a277a54b9a927fb7e936a94516,Implement devices recent reporting changes for gateway authentication reflect optimize changes user add fix endpoints,bug,todo,medium,43,13/05/2025
2c7ef591be1e430e9c38529eff363a40,For queries system optimize reporting Implement components for switching changes authentication,enhancement,todo,low,97,27/06/2024
693c69239a6845a5a45c1bc85f659c20,To integrate endpoints mobile user components devices payment optimize mobile reporting Implement access layout control fix,feature,canceled,medium,70,15/10/2023
bb83e7ab54fe46fc88df4ddb70a22bad,Endpoints changes to support user fix for update devices API components support API control add to add documentation for for refactor to for Implement on role-based,feature,todo,high,38,19/09/2024
fb2cd1f2abe14323a94e6af34d645de4,API update project frontend frontend issues endpoints integrate API authentication frontend SQL implement issues role-based SQL,feature,in-progress,high,63,16/10/2024
842d8913c1d14375acc454b2351d1ea3,Changes module integrate for components reporting user to for on,bug,todo,low,43,08/02/2023
3ffcd105596c4f96b3f9780830a4ab29,User optimize user switching optimize for SQL queries issues components for authentication for devices system Implement endpoints changes add refactor role-based reflect endpoints system update API access frontend,feature,done,low,56,30/01/2025
47efd94b030b4f74ae422271cb4986c6,Issues frontend update implement refactor optimize to tests for fix module payment queries to for gateway fix gateway migration endpoints update gateway,enhancement,in-progress,high,22,29/05/2023
c54c397878fb4691b390e6ae104617fe,For Implement recent migration endpoints to to devices to for control theme layout fix implement update switching reflect devices components layout issues documentation SQL reflect for tests for database,feature,in-progress,medium,51,06/06/2024
e9675be598504c65b08af1c7b741471c,Payment user mobile SQL Implement system theme fix control add add devices SQL frontend system,enhancement,in-progress,medium,77,22/03/2024
fde0ac7ab1404c049b1c55d40a5be3a6,Devices switching changes access documentation payment reporting database Implement components devices control system Implement layout queries system role-based endpoints SQL changes recent role-based access mobile documentation tests changes,bug,in-progress,medium,46,01/11/2023
5d6aa2706fb84509affebcd18e66015e,For refactor refactor migration queries for control payment frontend Implement implement support,enhancement,done,low,20,06/06/2024
7895a33e44324392b35392343b1e097b,To to project mobile SQL refactor gateway documentation optimize SQL for,feature,todo,medium,96,14/12/2024
8f1ce599bd214c778f668bb56a03f286,Devices refactor switching implement devices for update payment unit on,enhancement,in-progress,high,35,11/05/2025
f5747da96f364b3d8e7ba896f67fe8fc,For queries for database role-based migration components issues to fix for database authentication SQL to switching theme refactor for documentation,bug,canceled,low,65,11/10/2024
c0bd86d041784f848d2282c3b56c0260,Recent recent unit support switching Implement user role-based for implement control for system for control switching frontend documentation theme,documentation,todo,low,97,26/04/2023
3521d1ded83d4e99ad3a8ceb71ac6621,Issues reporting update devices role-based layout support role-based refactor optimize mobile frontend support role-based tests issues unit theme changes layout to mobile for support issues access changes switching,documentation,canceled,medium,58,21/04/2024
df293a17b9c3428db4d9cf6af7dcbb69,Unit tests access endpoints system access for project theme to frontend update for role-based for optimize fix project API documentation reporting components Implement components payment database refactor,enhancement,in-progress,high,41,22/09/2023
3b3e67461ed2490da85b82ffe2df33f9,System SQL for fix migration update add layout support recent endpoints payment refactor refactor integrate reflect endpoints control for to optimize,enhancement,canceled,low,5,23/07/2025
9fa8da7297ee4f9591cc80205973d1d1,Add optimize add changes update unit user endpoints for for access user module system,bug,in-progress,medium,65,25/12/2024
c6a012ce2ba64d9198bc4a02bf4522a4,To module migration for switching Implement migration recent issues to user switching Implement documentation update layout mobile on,enhancement,todo,high,99,28/08/2024
cef564791fb849af8d338df68fcb62a2,Devices recent switching refactor Implement to reporting migration to for API,bug,canceled,low,71,26/06/2024
ff0f9cbbcdc344c598547e7b4870f6fb,Components refactor queries integrate refactor optimize gateway project unit theme module add fix SQL update fix control database documentation tests update mobile reflect,enhancement,in-progress,high,2,17/01/2023
dc3fb966f6704d82a195775cd46f3076,Mobile gateway to SQL for to recent access frontend reporting control update system refactor frontend add reporting recent optimize recent,enhancement,todo,high,21,17/07/2023
c1d6c6287c004a29a63ade4f4288f131,Queries issues for issues authentication mobile to components access for optimize on,feature,done,low,46,30/06/2024
65bcbfc0481a4e5dadc5bb71ff8b375b,API to authentication to queries role-based documentation integrate for components to for to user support tests migration unit payment to documentation SQL gateway recent user endpoints,documentation,in-progress,high,47,17/01/2025
58a6c4e1ebbe43bfaf0448ec22da1df1,Theme system components refactor components on recent optimize module support for authentication to access payment reflect issues,feature,todo,medium,72,03/04/2025
1bbba53c333d41c2a54f6645bb2cfc0f,Control for to recent components endpoints system support gateway support queries to API on unit access module tests gateway theme documentation,enhancement,done,low,29,01/08/2023
03e10beb09f24fa59ad35db94e60276e,SQL fix tests for frontend issues support API theme refactor reporting endpoints for user reporting for components API user mobile unit,bug,canceled,high,20,18/07/2023
1758e1aae87d49cabbe20e1b8892a147,For update project to to devices access components optimize API documentation update SQL Implement payment module add theme fix queries,enhancement,canceled,low,77,12/01/2023
3f3c3600bac04229af030b7deb164b67,Implement access payment frontend user payment for add theme SQL layout reporting refactor reporting fix project module Implement frontend,bug,done,high,26,01/06/2025
62f01984a17c49c587615917abcc5f40,For for update module documentation changes database reporting support role-based switching for gateway implement issues,bug,canceled,low,16,03/02/2024
7671e7813d2b4863a5b3f29831467245,Recent update tests module authentication tests module for SQL authentication implement SQL integrate database module update endpoints access theme authentication devices frontend mobile components to to,documentation,canceled,low,48,25/04/2023
e64f32c55e8e40b49d4d8f1a677d6d6e,Fix system for tests switching layout issues update implement reporting,bug,todo,medium,1,28/01/2024
e46604ea24ff4bbeac9dd409de9e3b29,Add endpoints user for switching to changes project issues role-based database on mobile mobile layout,documentation,in-progress,low,31,10/03/2025
c572730a14364a78901814e14026002f,Payment payment for recent devices add role-based migration SQL issues optimize update for payment recent database issues reflect SQL switching changes layout frontend switching layout system support migration,documentation,done,low,59,01/04/2025
31e60aa45c5c46959d6e4f568b86212d,Migration changes changes system for frontend for queries authentication theme layout authentication documentation add support update project update recent optimize unit SQL control optimize module payment gateway on,enhancement,done,high,46,25/09/2023
780bf3566be54935acc267f255181747,Optimize refactor layout unit endpoints database recent add add reporting mobile support for endpoints payment fix update implement changes payment for reporting gateway layout fix endpoints module for devices,enhancement,todo,medium,4,16/08/2024
8d0cc1bc51dc4c66923a65e8a3015986,To reporting endpoints project payment migration control endpoints devices mobile changes API system to documentation on module changes recent recent,documentation,done,low,67,24/02/2024
3c0eda4ce6384b899e0a4416414e6314,Queries support unit tests mobile theme for theme frontend support access tests migration control update documentation module layout to support components on for add optimize issues,feature,canceled,low,25,15/05/2023
91021c86f8144bf0b6c1fc72bea4d3ab,Support add access issues fix update devices components add user theme access devices API system integrate components control payment switching integrate endpoints implement issues switching switching user reporting,documentation,canceled,low,12,10/10/2023
74b428d6e2634fa6b5651be1e5b1c204,Frontend integrate gateway for theme support access implement optimize module recent authentication issues database role-based components components queries mobile theme integrate to devices project issues support update,documentation,todo,medium,1,01/12/2024
8ddef6c2a90e4a7db19b10049bca7e24,Authentication fix components role-based add SQL add integrate documentation switching queries implement control changes API to theme mobile API to SQL Implement module project system Implement system layout tests,documentation,canceled,medium,31,20/11/2024
54cd9db1a81b4fddadff45182b181772,For migration unit tests frontend tests authentication layout issues Implement for Implement layout access payment issues update unit system recent,feature,in-progress,high,42,19/09/2024
7e107ff2710f47e29645cfdcab88659a,User for gateway on mobile documentation to issues system API gateway unit role-based role-based add documentation integrate module components components add,bug,todo,low,100,29/12/2023
bf4bbd3ce710421ba26c816ebb950888,Layout access frontend theme role-based for database module to add integrate control,feature,todo,high,34,26/03/2025
5be37a935eb74610b654af7c653fc7b8,Mobile control implement mobile API implement changes SQL issues role-based API theme recent API for Implement issues documentation database control Implement,bug,in-progress,low,12,26/04/2023
44e9b4598ce54ebf820e741711ad1e5f,On reflect reflect system control update reporting components optimize queries queries integrate payment to SQL theme Implement layout database,feature,in-progress,medium,85,07/07/2024
b7a7bc69b16744a787e748bb2f545d90,Module to update endpoints refactor unit gateway Implement frontend support reporting update on database endpoints to refactor support SQL for,documentation,todo,medium,57,12/07/2023
ac8f1540a03a4113b6ed344a48c2ed28,Authentication control tests to components support tests payment optimize fix integrate Implement payment access tests,bug,in-progress,high,33,08/03/2025
4b455e5966c349518e6a9e504949888f,Components add authentication update to add database to authentication migration project database integrate documentation integrate on reflect unit implement control changes queries optimize project,bug,todo,high,66,29/02/2024
971683d68a314cb390d95c28524b6194,Changes API role-based role-based implement access devices database system tests update system,feature,in-progress,low,63,19/05/2023
99aa92e49f9a401898bc16d121a3c4f0,Project layout role-based authentication on components recent changes documentation Implement layout mobile issues issues payment SQL to system,documentation,canceled,medium,5,03/04/2024
d445c3038ef34b09aa8149b0ca46e1ad,Gateway issues components database control database reporting implement devices refactor role-based switching unit switching system database fix queries documentation fix for access to reporting,enhancement,todo,low,71,30/04/2024
937016224adf45808984dd9e1fcf3598,Implement reporting reflect documentation refactor SQL module for database support on changes implement for control queries project optimize switching documentation user queries documentation database reflect access switching mobile reporting,feature,canceled,medium,77,19/11/2023
3389b6313f5f47ae9464a61575d8c5f8,Issues Implement theme frontend endpoints SQL authentication documentation migration update module to system frontend for devices system role-based frontend access documentation,feature,done,medium,70,10/09/2023
51d76687c43242c58e0f4e2490afb818,Tests unit implement control project Implement to frontend changes refactor switching SQL theme project to reporting queries for system theme SQL,documentation,in-progress,medium,10,10/02/2024
dd2dde10827d45158acfe7e9e0fb4bb2,Issues authentication integrate user queries access to issues frontend optimize tests,enhancement,in-progress,low,2,21/11/2024
dcefa0c33b514778bffc468d93ef046f,Integrate optimize refactor changes for devices unit for to database tests recent frontend fix,feature,in-progress,medium,31,13/08/2024
c6bfa0b35dd34e1086b7ac841521c236,System for issues changes devices frontend module for role-based issues layout database,feature,in-progress,high,6,21/08/2023
fadc27e3a5784e17a4d5af327a66c0b1,Endpoints optimize migration endpoints for for to reporting gateway SQL system API theme unit SQL tests documentation issues payment for,feature,todo,low,57,15/10/2023
8751ae6de617449eadac7c03a7554d97,Refactor control recent tests for for module documentation components issues on documentation module recent add layout tests endpoints database recent tests reflect API documentation module,documentation,todo,medium,32,04/04/2024
ce1c266f869340339faf5ac4aa70a8d7,Components database support Implement add endpoints payment unit theme user add switching control optimize,documentation,todo,medium,61,08/04/2025
c7f103f47f2c4b06a195193ad78037d1,Tests support frontend to for recent Implement project payment project unit to gateway optimize implement,enhancement,todo,low,90,20/06/2023
da19fa21a0074099a9d97a46da822d22,To unit to changes devices user refactor theme queries refactor layout SQL database theme integrate payment SQL to reflect project system,bug,done,high,55,19/06/2025
78180e7ec20f446884390bd10e528f7d,Payment layout gateway issues integrate authentication add unit for mobile to,documentation,in-progress,medium,79,05/05/2024
2311ee10b4eb4e4ca39dcdfb83dbda4f,Recent database Implement layout recent implement for Implement frontend API add authentication switching changes migration module fix issues user for implement changes queries changes payment devices,feature,canceled,high,40,01/12/2024
4f1b98d2028d4955b74d8fa68f51a963,Documentation module to for unit fix issues role-based role-based queries mobile payment implement switching migration authentication reflect for API devices gateway SQL for fix for,feature,todo,high,50,04/10/2024
a140e23c61864fd0a7830aa7aa162b54,Payment components tests user switching user components Implement gateway components SQL module project migration access optimize implement,documentation,in-progress,high,86,30/04/2024
e12885a768aa4d0181bd26f61cfd022c,Gateway fix system layout add reflect API add update theme endpoints support gateway devices update implement optimize documentation to API mobile Implement control Implement system,enhancement,in-progress,medium,60,07/06/2024
f1b3e91b37264c4d887d18520681d751,For queries switching documentation implement support optimize tests reporting Implement fix control payment components optimize for mobile mobile Implement switching,feature,in-progress,high,60,20/12/2024
b33b264b965f4b5387803f19fdb6c89d,Support layout implement devices unit user authentication issues add devices,bug,in-progress,high,33,06/12/2023
e163d71dc1664c6cb2c2cc4300e39ea6,Fix support fix for endpoints user on authentication fix for for reporting module,feature,done,high,12,31/05/2023
bb8674dd56b74d87955c70df6af47120,To payment Implement reflect migration switching for queries module gateway authentication unit switching unit documentation queries changes layout user unit layout for access endpoints changes,enhancement,todo,low,51,04/11/2024
3298500fa5974b0c81683ccbeebc4e98,Theme gateway migration recent access role-based endpoints to devices on for support role-based for unit gateway reflect to,bug,done,low,70,30/03/2023
0a4f076ceddf4ce3afb6862afb2c5896,Control migration fix issues changes reporting role-based theme to Implement migration support unit for system update for add implement migration to API Implement,enhancement,canceled,high,11,20/03/2025
35aae7746dd24a96bea4f325f02cd131,Mobile recent migration layout SQL API frontend endpoints for endpoints to for system payment issues for to changes mobile layout switching,bug,in-progress,high,15,19/05/2025
d2ab2e0ce8bc481b96b3cd10e1580f63,Database module recent update SQL to add documentation implement for switching optimize control system documentation mobile integrate recent project components layout fix tests devices,feature,in-progress,low,64,25/06/2024
94cf464354284897b61ecc2fb6051a5b,For role-based on unit refactor for endpoints database for SQL update queries documentation tests,bug,done,low,42,08/02/2024
ebe430a918404e969bf5d58e98416e48,Reporting endpoints API to fix queries system payment authentication fix database to changes migration reflect user endpoints to on tests switching Implement endpoints changes gateway API control fix theme refactor,bug,in-progress,medium,21,02/06/2025
21ef9c50d1b842b0a66a55ca693271ca,Support components changes SQL frontend layout refactor module switching implement,bug,canceled,low,13,06/01/2024
2b33d3d8324d49e8908a2fe9c457c9f9,Queries tests integrate for role-based access support user implement issues module module authentication for user devices,enhancement,todo,high,38,08/10/2024
08bc4591daeb494ab06fa63dc031c1fd,Implement for reporting documentation system issues frontend to switching fix optimize fix support for frontend endpoints role-based SQL update for reporting frontend theme integrate components to support integrate update Implement,bug,done,low,23,04/06/2023
ffbe69291641413b85ee84c80e5929d8,Access module tests for gateway changes components access for implement add project module queries Implement components SQL,documentation,done,medium,67,23/07/2024
41568309577549d9ae7486963c66925b,Frontend switching endpoints for reporting project reporting module system payment devices fix database to database update gateway recent mobile integrate switching recent implement,enhancement,todo,low,7,25/04/2025
3a61fa17e37049dab28d6b88948111b2,Gateway queries add update support add access frontend for support optimize refactor issues to role-based components implement user for system components on devices project,documentation,done,high,69,17/09/2023
9c14398ec1ba4399bc6368fa1b5de8cd,To access module add switching Implement payment payment database reflect Implement control reporting role-based for gateway to recent integrate API Implement issues theme fix refactor queries tests project,documentation,in-progress,high,15,07/12/2024
8a139e2922834a3e858011f1f31f8dfb,To role-based user endpoints to control API for reflect user switching database tests changes module devices reflect,documentation,todo,low,6,18/02/2023
e427db511f0149b096afb12efeb07d4e,Mobile payment optimize implement control issues recent for for migration support for theme queries,feature,done,high,44,06/06/2023
1ff946b0f14d466aa325b59dab925ae8,Theme role-based payment fix issues queries endpoints changes components gateway frontend project devices for database components recent switching mobile refactor mobile tests components SQL system fix,enhancement,todo,medium,91,17/05/2025
c15964c04c6e48c8be414713e81ee1bd,Documentation issues database database components endpoints reporting user devices for queries database for documentation documentation Implement frontend payment database module fix mobile,bug,done,low,25,11/07/2025
4e08819912754651899738f082f8c0e2,Payment to optimize changes endpoints integrate on to optimize switching mobile add documentation layout recent integrate implement frontend frontend,bug,todo,low,6,08/07/2024
6bf265896ebf4eb6863f664a76de85b2,Changes switching migration switching reflect for payment reporting endpoints migration access module reflect to devices components refactor role-based components SQL for documentation for module gateway queries,feature,canceled,high,34,27/06/2023
b82deff9a2154929948eaba8ff9126e7,Issues layout issues for frontend theme control queries components issues payment API SQL unit,documentation,todo,high,7,10/07/2023
5a9aa32b8ecb46c2a80c65e25c807985,Implement unit issues system on to tests layout migration role-based control SQL mobile issues for switching API frontend endpoints for on user endpoints endpoints,enhancement,todo,low,42,30/01/2024
1e610b2ce5e74141b9ecbedf14ae5ce5,To support components theme layout changes update add recent to integrate access for refactor queries mobile optimize,enhancement,in-progress,low,44,22/06/2025
0ffdd5ea8f834fd19fe61c1e4337de5d,Reflect support database project SQL on role-based control fix switching to to layout,documentation,in-progress,low,3,23/06/2025
06d2e5ca24cb4f148220a42b1dc60c2d,Theme queries switching layout reporting queries to devices components gateway devices issues,feature,canceled,high,53,17/06/2024
8e5ae84e3c6e48349f7905b96b8fca73,Database for queries database update user Implement project gateway API to Implement documentation API fix reflect gateway switching mobile add Implement endpoints mobile switching frontend database tests implement to recent,documentation,todo,medium,82,02/02/2025
c5a4577c85bd41d0b81ea4cb9dfdff68,Role-based system Implement for to user switching for system optimize issues endpoints,feature,done,low,100,19/05/2025
c15a94466c9449a5884d5b74b41bb8fd,Integrate changes frontend module issues gateway unit reflect migration for for module support access for queries to Implement database database reflect user system unit API,enhancement,todo,low,82,26/10/2023
a04af066cc4647c99c3ecc104d457e00,System for to to integrate Implement control tests add endpoints changes queries to layout devices support queries module reporting update Implement support to endpoints optimize theme migration,feature,in-progress,high,48,03/09/2023
dffa6e34b4f4421c8eb9f65d51a9c7f6,Fix gateway switching integrate optimize recent changes integrate support queries mobile gateway queries endpoints endpoints recent refactor integrate components to control unit support fix to system for documentation,documentation,canceled,medium,69,03/12/2024
b9ecfc7af1f540d1821c4dd55324f935,For documentation endpoints documentation user optimize project implement endpoints devices payment Implement mobile update devices refactor fix mobile access fix issues project theme issues optimize access reporting,documentation,canceled,low,61,04/04/2025
e3146d3ab70d4891921e993e95816ed2,Devices reporting Implement Implement frontend migration frontend support changes integrate,documentation,in-progress,high,80,23/05/2025
9b0ba554ef1c4903a02d6afa8950aa14,Add role-based support migration user layout reflect optimize layout tests recent recent optimize control optimize add user unit devices,enhancement,done,low,66,13/07/2024
050bb280556e47dfb7b9febf482ce8b6,Frontend changes components implement SQL switching to system changes layout to documentation SQL migration queries,documentation,in-progress,medium,36,13/04/2023
4b3cf835fa654a7599ede4deb44faa9f,Access frontend for SQL changes issues payment for components Implement tests frontend devices queries API unit authentication documentation,enhancement,canceled,high,32,12/05/2023
7172377dabfa4e7992b2b275878cf8d4,Support implement issues SQL frontend authentication implement frontend control reflect changes switching unit,documentation,in-progress,high,37,21/11/2024
20b101e6cefc46638f264156bd89e28a,Unit implement SQL authentication database support API SQL user documentation access for switching fix module for add payment authentication project control frontend user refactor documentation system Implement Implement database,feature,done,medium,41,30/04/2023
918703eb67b24caf8bd77a4aa8b17eda,Tests unit SQL refactor reflect to optimize database system implement Implement system update payment reflect integrate SQL queries documentation components support for recent Implement for support,documentation,done,medium,63,13/02/2024
663fa29c707443e5854a1ee319c81687,Recent unit Implement database migration module unit layout role-based issues for theme queries,enhancement,canceled,medium,22,01/08/2025
c7b02a3547024b49877eacba6f6a7fcc,Refactor SQL database layout payment authentication to implement for Implement documentation refactor update project optimize on queries gateway,feature,canceled,high,38,14/02/2023
cfff208e5cb94ee5909d362241e563f3,Migration support for unit components control optimize integrate update recent switching for issues optimize role-based system implement for refactor control Implement migration optimize API gateway for on,enhancement,todo,high,85,31/12/2023
a8a6659f57124230b66b8b19ea4161e1,On database endpoints layout update unit optimize changes for frontend authentication optimize to issues integrate module database add implement,documentation,in-progress,medium,69,25/06/2024
808f986076d34848896b2722748d6cd1,Documentation integrate add refactor recent endpoints devices theme layout role-based on to user layout for add add,documentation,todo,medium,49,15/12/2023
92d4ef7ee92b48f4bc1bd7076cede0dd,Authentication documentation for module role-based fix integrate SQL to access role-based project issues gateway for fix documentation for,bug,done,high,56,25/12/2024
be295862bff4459b9de562f28faa5591,API module switching authentication layout components implement reporting payment fix reporting system optimize gateway project authentication switching devices,enhancement,in-progress,low,5,18/04/2025
07d9bf49b4d04bd3b245252471636c74,Optimize project for unit switching user optimize control authentication frontend devices integrate for reflect components to for user recent for theme SQL role-based theme,feature,done,low,9,27/09/2023
a0e2b12e023e4424922aaf9641e34eaa,Gateway support components payment queries support authentication recent module optimize mobile migration API recent module optimize components add SQL reflect for role-based refactor API API migration add project for,feature,done,medium,25,26/02/2024
2409bb110ad54467b0166fa708dcee86,Reflect reflect for documentation control SQL changes endpoints for fix recent system for,feature,canceled,low,86,17/02/2023
a2efa37dacbd40088989a28a72b78cd3,Endpoints optimize queries migration documentation control database switching for refactor role-based SQL role-based integrate,enhancement,canceled,low,18,26/09/2023
4e5c2234b053400c8c171468a6719ef6,Add SQL database devices mobile migration payment mobile integrate optimize update Implement module reporting for recent system mobile user switching mobile gateway frontend,bug,in-progress,medium,73,29/04/2025
1a8587429a974c21b7f9ff14da98fc0a,Theme endpoints layout components documentation layout documentation update to API theme gateway module gateway for update implement devices optimize migration migration queries implement migration SQL changes,enhancement,canceled,medium,40,22/05/2024
46ea03de8c404879846fa841a32578cb,Module theme module SQL changes control module unit add payment for migration optimize documentation gateway integrate optimize tests system changes unit layout access access fix layout database changes support Implement,bug,done,low,69,17/06/2025
58ff261ffc6b4c41b5d56e983470e98d,Frontend authentication components module unit gateway project reporting for tests issues integrate recent role-based gateway theme endpoints integrate fix support documentation control control changes role-based endpoints,documentation,done,high,94,04/05/2024
e09128d920614934a26df1664bacc038,Control role-based changes for queries for support access project implement changes project API user for control payment endpoints system refactor to tests gateway access API payment,documentation,done,high,10,11/02/2024
5dc5a80eb83546fb8362f74363057f45,Devices changes support recent add mobile add unit devices queries module for tests Implement mobile unit frontend fix unit recent unit mobile recent switching integrate unit optimize,bug,in-progress,high,30,26/12/2023
04786d3132de4968bb0d89009c76d1bd,Project access frontend system system changes gateway module role-based to mobile for user queries control mobile implement payment documentation module,enhancement,in-progress,low,51,03/06/2025
7772218219ad4d77befc4cc07b7e12e6,Support support fix API update for update unit SQL payment mobile gateway for control control changes for queries recent mobile fix,enhancement,canceled,low,83,16/07/2023
8ac2b640f6c94e85b4b2c101f38e595d,Layout queries add switching API to optimize theme authentication gateway implement API fix system reflect optimize documentation Implement update reflect,enhancement,canceled,high,21,19/04/2025
47e968affee2405198448eb1fd3e7acc,For user unit module documentation unit unit changes reporting module implement queries implement documentation mobile documentation payment SQL control to authentication support mobile for components role-based,documentation,done,low,77,24/04/2023
1ad0f1092607428484419fc761734715,Gateway mobile access theme gateway module update integrate components recent layout reflect for to role-based components,documentation,in-progress,high,2,05/07/2024
06882f2c8fb9404988d683a6c945f94c,Reporting layout documentation layout optimize access changes reporting changes theme integrate support payment optimize recent API user unit issues authentication,enhancement,todo,low,74,08/07/2024
bccebaf90c9740daac54ca2e8c2b97da,Implement issues mobile add integrate queries recent optimize reflect devices project access system gateway authentication payment implement devices endpoints system to recent changes,enhancement,in-progress,high,28,15/09/2023
12d9ca2642b64fc090d532517bd2365d,Migration system tests to to role-based control for migration documentation for recent payment reporting on layout support control for queries gateway implement update access,enhancement,todo,high,74,06/01/2023
00eadeaf987c4e668a64bad1a5a3e593,Database frontend reflect endpoints support system system support endpoints gateway user to role-based queries implement SQL user project authentication authentication reporting project for for switching to,enhancement,canceled,high,23,28/01/2023
e689fbb0cac94ca1bdd83f72ea966785,Mobile to mobile on migration queries to authentication theme Implement support issues to support layout issues theme tests theme,feature,in-progress,high,87,09/03/2024
632b69c685424895a1ef1de72f6871ba,Documentation recent for API recent documentation tests issues payment optimize implement Implement add unit add gateway refactor to,enhancement,todo,medium,16,24/01/2023
ef935738652942109597b6410a746e40,Support changes theme user issues for gateway migration API optimize for components for gateway for,enhancement,done,medium,74,29/04/2023
48ae1f2c3a3b4eeb9d22898eaf1a9b7c,Update theme changes issues add optimize queries changes reporting reflect,enhancement,canceled,medium,70,11/03/2025
7caaf743f7ea4cb9a11300979d9ee97b,To user on gateway to authentication to Implement theme implement issues queries system switching access Implement mobile devices access queries tests access queries optimize authentication database SQL fix add,enhancement,in-progress,medium,75,02/01/2023
2b7c5c4cb0ad4e2e91bad344a20ab32c,System queries migration reporting authentication database layout issues documentation project frontend for system switching system on access,documentation,canceled,high,95,10/07/2024
4e3c4ca651254ec5b5358bf575d067d9,Changes for mobile issues for SQL for module issues issues,enhancement,in-progress,medium,72,20/06/2025
7329af958eb449728a454b20a9946fe0,To tests optimize project database documentation integrate control Implement gateway user frontend role-based layout unit fix system SQL Implement to components unit endpoints project for system for,bug,canceled,medium,16,26/09/2023
297ed810c40d4ad9a772eed82934f212,Theme components for queries SQL components Implement documentation unit theme on system gateway recent optimize optimize switching devices authentication add for unit user control to on to fix frontend,documentation,done,low,45,02/01/2024
4c0234b17aa24eb596c2255cae08c37f,Integrate unit integrate user gateway layout for integrate integrate gateway implement role-based system frontend update reporting payment for,documentation,todo,low,34,17/05/2024
3fc5f045d8804651b8fdc579bb7ab3b1,Migration for recent access tests reflect frontend to recent access to for migration support control for system unit tests components payment switching tests,enhancement,canceled,high,34,25/03/2025
ef9c06e6891d434780b9d3b210b03d4d,Optimize to project endpoints for layout recent integrate payment tests theme gateway implement reporting refactor API recent recent switching integrate devices mobile issues implement control issues frontend authentication tests endpoints,enhancement,canceled,medium,48,04/02/2025
ae153b88ce7b47cc9bc87561eb2a9a3e,Implement support user system to devices frontend reporting project devices queries reflect for layout add recent role-based SQL gateway,feature,canceled,medium,54,23/03/2023
7d39c2c55b904614a8b302afbdc2b801,Tests on for control system unit access switching reporting layout control migration payment changes Implement gateway system layout integrate optimize role-based on gateway devices module for issues,enhancement,canceled,medium,67,08/02/2025
e536d0add4a744e7a78b61516fe39b6a,Recent reflect SQL components for gateway on user implement update implement API system documentation add API endpoints for issues fix optimize documentation theme Implement documentation project payment for for for,bug,in-progress,medium,54,24/11/2023
b43f1c31e07f436b9a7cdb2d427c6986,Integrate on integrate endpoints to add update refactor tests to reflect payment for update queries implement on on on API unit for integrate for to user database integrate authentication user,bug,done,medium,35,01/12/2023
89b3b96af5a146dd85eba4f1e756f1d4,Frontend queries on for add module unit migration API project documentation support refactor frontend mobile API gateway changes issues gateway recent switching refactor for implement issues theme system for,bug,done,medium,83,10/01/2024
8fba22da92b642619a88248ff7689fb3,Changes fix switching for SQL user fix devices components queries SQL for payment to payment,feature,in-progress,low,56,10/02/2024
0ceb03e1ce404e0fb7da8ac637eb857d,Tests for unit API implement for on frontend migration add update migration recent recent,documentation,canceled,medium,78,14/11/2024
0c00ee0298284134bb7ed08ff5d9b456,For queries access reflect access to to devices frontend documentation role-based tests documentation unit layout support implement endpoints API queries components implement module endpoints implement system SQL update,feature,done,low,100,24/02/2023
6a9459b085aa4700990911bf76b34e0e,To components for reporting unit payment layout user database to to optimize implement fix documentation update support reflect devices optimize switching access,documentation,in-progress,medium,84,18/11/2024
b9a3a4adf11f4f62bd468bab29e51305,Recent database optimize reflect migration queries API system add components reporting Implement API support frontend recent system components,feature,done,high,5,20/07/2025
e80a1222d930428bbf74994c5d4070e7,Role-based fix components issues mobile layout to implement integrate recent,feature,todo,low,57,03/05/2024
ff5ba41fd48b4905997ab42c84c3d2d5,For layout for frontend on fix devices switching API recent system queries project database refactor,bug,canceled,low,68,24/05/2023
0a8133f594574a3f8cd2d33162909cfe,On components access issues integrate recent unit for system update for for for mobile module database switching documentation SQL gateway role-based migration fix devices module,documentation,todo,high,82,05/09/2024
33b0f6ce60cc4ed391990092e25753fb,Theme switching tests to fix Implement authentication user endpoints control fix,enhancement,canceled,medium,5,05/05/2024
6b916bc2ee55447e8c206cbc47e1f726,Role-based to integrate changes to access reflect changes Implement user switching frontend mobile to issues recent support,feature,todo,medium,100,05/04/2025
cd384b847b30472f9bc6c5b132f8e48e,Authentication documentation theme reflect recent components theme queries devices role-based,bug,canceled,medium,35,23/06/2023
db1dfac0bc344e66a7a83859a6f58fc3,To Implement refactor to for components to add documentation API documentation add payment SQL integrate migration role-based authentication database role-based documentation mobile on,documentation,in-progress,low,100,31/03/2024
68104bb466e84448ac89320f662dec75,Frontend for API payment layout to layout access user module project tests queries reflect support issues,bug,canceled,medium,90,06/02/2024
737b12a332a4408da2076e2ffda120fd,Authentication SQL user user theme fix theme changes add documentation for refactor to,feature,canceled,medium,84,24/03/2025
6e6e2bcbde924baf81dbbc4492d83f8d,Authentication documentation access switching Implement Implement Implement reporting database gateway changes for add documentation for role-based components unit switching documentation migration documentation queries system changes Implement queries,bug,canceled,medium,10,02/06/2023
239e9efaab7449dcb1104a62ead3fe59,Control user SQL support fix reflect gateway for recent for reflect unit for recent payment add for gateway documentation gateway documentation unit on project theme migration,documentation,todo,medium,10,21/01/2023
9461f70fd2be4351ba99ea31b0144abb,Changes authentication control on support for implement to changes user queries components role-based theme system,bug,todo,medium,3,01/09/2024
f16d05d255e341a78ce2f99cce85b410,Reporting control fix control reflect control reflect module for components,enhancement,in-progress,medium,26,30/10/2023
6259eb0fcd114d229e5c46011c0f42d3,Migration components Implement project optimize Implement queries Implement Implement unit access SQL role-based devices frontend components update to frontend support to gateway,enhancement,in-progress,medium,38,29/06/2025
e01c3fac0deb4480b58da68933817505,For devices issues database on gateway changes to for payment reflect endpoints mobile SQL authentication layout frontend on theme,feature,in-progress,medium,64,25/03/2024
ea51edc1a98e4c3f9e3952397e47ce17,Switching authentication payment unit refactor implement mobile role-based optimize recent authentication documentation payment role-based project access integrate support update frontend,enhancement,canceled,low,100,07/02/2025
337722c0cb0d4456b2f745d9fef6367f,Support changes optimize frontend optimize gateway update access to user authentication tests integrate API to fix to,enhancement,done,medium,12,28/09/2023
81e3e266cd0e4297b6b9e65786c69710,Unit integrate user optimize implement components switching changes support access role-based SQL access tests role-based reflect system to changes frontend to queries SQL for user,enhancement,todo,medium,57,02/01/2024
58ebbce2626e4714b1af2a8407781458,Update role-based implement reflect switching SQL for for payment switching layout reporting implement issues add database system database for unit implement gateway authentication switching user layout,bug,in-progress,medium,65,25/04/2025
5b68b80a39da4a3aba99c69651e66962,Changes authentication to changes frontend database access layout mobile add payment project SQL reflect implement reflect queries authentication fix refactor reflect issues API to payment,bug,done,low,37,19/01/2025
e03bb112fcd54446b922e66a97f5ac34,Migration payment documentation tests changes recent system frontend unit queries to,documentation,todo,low,98,16/01/2025
1547e4bf462145be9263fd3f59a1a333,Components role-based frontend layout module tests tests user add Implement,documentation,canceled,medium,94,29/07/2025
ac8d54f635014cc79b66b5d8a19c930b,Implement mobile integrate role-based reflect components user frontend devices fix for implement to unit system tests queries for role-based reporting,enhancement,in-progress,high,41,13/06/2024
3a93f816162f420e83cc8c822cacb5d0,Issues changes migration switching control issues on tests control for endpoints fix tests to access update tests implement access support components switching recent changes SQL optimize reflect,bug,done,high,16,01/11/2024
ddc33f8b36074924bf12a03859e74974,Endpoints module for frontend SQL for devices changes switching switching for theme for for access payment module fix role-based gateway SQL control reflect for payment documentation queries Implement user on,documentation,done,low,73,03/01/2024
8c052e24ccac4ea2bde6c15fc565363e,Changes frontend for refactor for tests role-based system payment to implement reporting,enhancement,canceled,high,96,23/12/2023
187378756e2948deb0476020969bfe47,Gateway to database control add database frontend mobile issues switching devices devices implement,enhancement,todo,medium,76,09/07/2023
e5279920d4994223ad9f93e3d2310ceb,Authentication payment layout theme role-based module layout recent changes issues implement role-based gateway fix theme project for layout module on for role-based fix for to access Implement optimize,feature,in-progress,low,37,02/05/2023
9fb48058bfdb4004bbcfb52ec9201ada,System gateway payment integrate project for queries SQL support reporting migration system payment switching role-based reflect role-based control changes authentication for issues frontend module mobile add access,bug,in-progress,low,47,11/06/2023
73895bc6bb124ad696d06a5be7f98a16,Mobile authentication gateway API layout issues unit layout on update frontend to database user role-based layout migration migration authentication for SQL frontend refactor,bug,in-progress,low,11,02/04/2024
cff43749fea54c71b6fb2805d8a231e4,Queries components recent SQL control layout support module switching payment implement switching to optimize,documentation,todo,low,99,10/01/2023
f03acebeb1d14b1ca217def6395a2112,Components authentication mobile issues to for Implement integrate to support issues components switching,bug,in-progress,low,51,16/05/2023
d1c394e0963640d493b5e1638a260552,Issues authentication integrate Implement to refactor for to to on theme implement theme documentation refactor,feature,todo,medium,38,19/06/2023
89fb427e81434ef896b20300818b2775,To for queries access database SQL to components components integrate integrate issues control tests payment to layout,feature,canceled,medium,15,30/04/2023
a571ca259974415f854b159040cb8dbb,Update on authentication access API authentication queries support optimize layout optimize for payment SQL documentation devices,feature,done,medium,33,04/06/2024
32bfbec912dc4172a490c6e141c1c3d4,Switching system frontend for optimize system endpoints issues optimize recent,feature,done,high,60,19/01/2025
cea85e40d4f3416cb8f473c64f3efcb4,Switching queries for switching components gateway integrate authentication control changes add for for Implement to endpoints add refactor queries endpoints layout migration integrate,bug,canceled,medium,37,24/11/2024
a33fc2e76cb447c18924da5b36bee83d,For devices for for theme for reflect update switching fix endpoints,documentation,in-progress,medium,54,31/01/2023
7e81a121e56b4dcca7b220e9877b4f3d,Switching devices control user unit authentication for integrate queries database add changes documentation tests,bug,in-progress,medium,81,16/06/2025
114778ae83984f0c88c45b2be6763b97,Gateway recent theme authentication migration layout add integrate add role-based reporting system Implement mobile migration endpoints,feature,done,low,76,17/03/2025
bbb7e0f6561942b1b9febbfdcaaa04e4,Theme Implement control for gateway access frontend add add integrate queries reporting mobile unit database on,bug,canceled,high,18,03/01/2023
0271555c0ead43cb926b2f6096349587,Layout role-based for support tests fix devices project database recent unit migration frontend integrate for documentation layout control payment role-based layout,feature,canceled,high,5,01/12/2024
6749c35e5fc94a4fb67134b577e946b2,Frontend fix reporting payment database system for system layout components frontend on mobile to role-based to system authentication layout layout project system for reporting control SQL tests,documentation,todo,low,46,22/01/2023
72d5e72c491345fa952db13ea64afe4d,Reflect devices documentation authentication tests gateway switching issues to documentation switching issues SQL project migration authentication theme role-based payment,enhancement,todo,high,31,05/12/2023
05d50294a8c84c198f67a3db37ea2100,Gateway switching refactor queries endpoints on control unit implement fix control control tests to on payment for to database queries integrate theme add update,enhancement,canceled,high,20,03/03/2023
132acd3f8c5f4203875391af462ffbab,Control to for fix control update reporting reporting recent user project implement issues layout switching documentation switching devices frontend,bug,todo,low,22,20/05/2024
1ae5020ebc8e46719192dc5e178b607d,Project theme database queries on refactor to user frontend unit unit unit layout tests support documentation issues add frontend refactor frontend reflect for for user SQL devices migration SQL gateway,enhancement,todo,high,29,30/04/2023
77a37b52868149b2a053d1f8b5d0ca9a,Refactor queries role-based authentication unit fix implement system tests fix theme devices issues role-based queries SQL authentication add module documentation unit,bug,todo,high,43,15/01/2025
c97b7b45d8e54694998737e5b572caac,SQL access to reflect implement control user unit to fix optimize gateway optimize access issues Implement database recent mobile to theme project theme queries payment theme user add authentication Implement,documentation,canceled,medium,72,08/06/2024
ccedeccb80f44e77aef4dcbf2e56d678,Project mobile support access theme refactor fix user refactor migration SQL system,documentation,todo,medium,21,13/03/2024
1b9898a1f3e74b6695de1f7f4bf23606,Integrate frontend system recent Implement optimize add theme mobile reflect,enhancement,todo,low,68,17/01/2025
e2c8c9f3ee844fada2f03920df5e1c15,Theme access to database theme components module documentation fix for theme update system implement theme integrate control API unit integrate fix,bug,canceled,low,66,08/03/2025
43375ea56bca42dab15260fa8ec0c139,Migration role-based project SQL layout module recent for to switching SQL user fix implement user recent database add module theme integrate SQL access to changes payment API integrate gateway user,bug,in-progress,low,35,21/01/2024
84696df7a6c948b0bbf455e9465c7d73,Documentation project for control to layout Implement documentation optimize authentication on optimize implement control frontend changes layout gateway documentation for authentication SQL layout access,feature,todo,high,33,12/12/2023
010f947e8304431685384f28ad708619,Module reporting authentication for API tests project changes to migration tests devices frontend mobile,enhancement,todo,high,55,09/10/2024
ca49313ff229485a9b6616e3fb83f59a,For theme gateway queries update for queries to frontend issues for queries theme documentation to mobile migration devices Implement project to role-based user to database,bug,in-progress,medium,18,07/03/2024
14386b6cbb3f4de395f1fc4e6d35a92c,Tests reflect changes changes integrate integrate SQL access documentation system tests update,documentation,done,low,5,02/03/2023
364037a6b16a4396a1e882a40cbbd89b,To module for devices database to authentication documentation migration update queries changes migration SQL tests to add fix to API recent frontend switching switching SQL,enhancement,canceled,medium,15,13/05/2024
9d0d132ed8d34b63a2f93551233097e0,Payment update payment reporting issues mobile for add frontend layout control authentication gateway tests endpoints frontend to role-based SQL to theme,feature,todo,medium,73,20/07/2024
24d5cb73fe0e4bd0b419288acd97353f,Components project API layout on layout integrate to queries payment user refactor tests integrate integrate update system role-based frontend authentication reflect,feature,in-progress,medium,15,19/02/2024
4f1819b0f1c94231ad0db9ddca293df2,For frontend layout on tests migration user layout implement documentation project user integrate refactor update,enhancement,todo,low,44,13/02/2025
84c31114bd144915aebfb142787bd80e,Access theme issues components mobile SQL refactor recent unit mobile,documentation,todo,medium,44,12/10/2024
b208f3bb6a1544aab409afa4e73ebedd,Switching implement theme Implement layout optimize database migration refactor refactor reflect layout payment,feature,done,high,69,03/06/2025
2043d85a606048889b886ab086ced5d6,System reflect changes mobile refactor refactor recent layout SQL Implement devices endpoints,bug,done,low,66,27/03/2024
